{"cameraMode":{"drawMode":0,"name":"Shaded","section":"Shading Mode"},"sceneLighting":false,"audioPlay":false,"sceneViewState":{"m_AlwaysRefresh":false,"showFog":true,"showSkybox":false,"showFlares":true,"showImageEffects":true,"showParticleSystems":true,"showVisualEffectGraphs":true,"m_FxEnabled":true},"in2DMode":false,"pivot":{"x":-0.3826124370098114,"y":-0.5765694379806519,"z":0.06895852088928223},"rotation":{"x":-0.028169453144073488,"y":0.0883919969201088,"z":-0.00172525888774544,"w":-0.9958451986312866},"size":1.570035457611084,"orthographic":false}