{"cameraMode":{"drawMode":0,"name":"Shaded","section":"Shading Mode"},"sceneLighting":false,"audioPlay":false,"sceneViewState":{"m_AlwaysRefresh":false,"showFog":true,"showSkybox":false,"showFlares":true,"showImageEffects":true,"showParticleSystems":true,"showVisualEffectGraphs":true,"m_FxEnabled":true},"in2DMode":false,"pivot":{"x":0.6009223461151123,"y":-0.5044772624969482,"z":-0.3156464099884033},"rotation":{"x":-0.14976836740970612,"y":0.061357662081718448,"z":-0.00942141842097044,"w":-0.9869205951690674},"size":1.8025999069213868,"orthographic":false}