{"cameraMode":{"drawMode":0,"name":"Shaded","section":"Shading Mode"},"sceneLighting":false,"audioPlay":false,"sceneViewState":{"m_AlwaysRefresh":false,"showFog":true,"showSkybox":false,"showFlares":true,"showImageEffects":true,"showParticleSystems":true,"showVisualEffectGraphs":true,"m_FxEnabled":true},"in2DMode":false,"pivot":{"x":0.1188550740480423,"y":1.2083377838134766,"z":-1.976191759109497},"rotation":{"x":-0.05698564648628235,"y":-0.0038433773443102838,"z":0.0009917709976434708,"w":-0.99852454662323},"size":1.8025999069213868,"orthographic":false}