{"cameraMode":{"drawMode":0,"name":"Shaded","section":"Shading Mode"},"sceneLighting":false,"audioPlay":false,"sceneViewState":{"m_AlwaysRefresh":false,"showFog":true,"showSkybox":false,"showFlares":true,"showImageEffects":true,"showParticleSystems":true,"showVisualEffectGraphs":true,"m_FxEnabled":true},"in2DMode":false,"pivot":{"x":-21.904788970947267,"y":1.9048535823822022,"z":-5.700202941894531},"rotation":{"x":-0.17930224537849427,"y":0.16879674792289735,"z":-0.031323570758104327,"w":-0.9688504338264465},"size":1.2830719947814942,"orthographic":false}