{"cameraMode":{"drawMode":0,"name":"Shaded","section":"Shading Mode"},"sceneLighting":false,"audioPlay":false,"sceneViewState":{"m_AlwaysRefresh":false,"showFog":true,"showSkybox":false,"showFlares":true,"showImageEffects":true,"showParticleSystems":true,"showVisualEffectGraphs":true,"m_FxEnabled":true},"in2DMode":false,"pivot":{"x":-4.002259254455566,"y":0.8897629380226135,"z":5.687772750854492},"rotation":{"x":-0.14976836740970612,"y":0.061357662081718448,"z":-0.00942141842097044,"w":-0.9869205951690674},"size":1.3302295207977296,"orthographic":false}