{"cameraMode":{"drawMode":0,"name":"Shaded","section":"Shading Mode"},"sceneLighting":false,"audioPlay":false,"sceneViewState":{"m_AlwaysRefresh":false,"showFog":true,"showSkybox":false,"showFlares":true,"showImageEffects":true,"showParticleSystems":true,"showVisualEffectGraphs":true,"m_FxEnabled":true},"in2DMode":false,"pivot":{"x":-1.0446141958236695,"y":0.8315752148628235,"z":-4.0365800857543949},"rotation":{"x":-0.060540571808815,"y":0.03682868555188179,"z":-0.0022491428535431625,"w":-0.9976323843002319},"size":0.43696263432502749,"orthographic":false}