{"cameraMode":{"drawMode":0,"name":"Shaded","section":"Shading Mode"},"sceneLighting":false,"audioPlay":false,"sceneViewState":{"m_AlwaysRefresh":false,"showFog":true,"showSkybox":false,"showFlares":true,"showImageEffects":true,"showParticleSystems":true,"showVisualEffectGraphs":true,"m_FxEnabled":true},"in2DMode":false,"pivot":{"x":0.15257567167282105,"y":0.3664429187774658,"z":1.827207326889038},"rotation":{"x":-0.056981202214956287,"y":0.01647678017616272,"z":-0.0009433426894247532,"w":-0.9984085559844971},"size":2.012751579284668,"orthographic":false}