{"cameraMode":{"drawMode":0,"name":"Shaded","section":"Shading Mode"},"sceneLighting":false,"audioPlay":false,"sceneViewState":{"m_AlwaysRefresh":false,"showFog":true,"showSkybox":false,"showFlares":true,"showImageEffects":true,"showParticleSystems":true,"showVisualEffectGraphs":true,"m_FxEnabled":true},"in2DMode":false,"pivot":{"x":0.029912423342466356,"y":-0.3613484501838684,"z":1.0202206373214722},"rotation":{"x":-0.1796599179506302,"y":0.0008834627224132419,"z":-0.00018233023001812398,"w":-0.9838985800743103},"size":2.012751579284668,"orthographic":false}